CompanyName,Required Skills,More Info
APPLYCUP HIRING SOLUTIONS LLP,"authoring,teamplayer,jquery,javadeveloper,sql,spring,springframework,multimedia,java,mysql,objectorientedprogramming",https://www.timesjobs.com/job-detail/java-sr-java-developer-applycup-hiring-solutions-llp-bhopal-1-to-4-yrs-jobid-3jE7TL33mCNzpSvf__PLUS__uAgZw==&source=srp
BrainToSoul Consulting,"css,bootstrap,javascript,jquery,javadeveloper,oop,database,java,git,linux,php,json,html,angularjs,bigdata",https://www.timesjobs.com/job-detail/java-developer-java-php-braintosoul-consulting-bengaluru-bangalore-2-to-5-yrs-jobid-BY2kPvTuZLtzpSvf__PLUS__uAgZw==&source=srp
ORACLE,"algorithms,css,informationtechnology,jquery,sql,database,java,git,debugging,html,softwareengineering,bigdata,rest,cloudservices,oracle,svn,mx,machinelearning,javascript,javadeveloper",https://www.timesjobs.com/job-detail/java-developer-java-javascript-oracle-mexico-4-to-7-yrs-jobid-bBXxbVz40sVzpSvf__PLUS__uAgZw==&source=srp
Coriolis Technologies,"spring,security,java,j2ee,hibernate,javaprogramming,javadeveloper",https://www.timesjobs.com/job-detail/java-developer-coriolis-technologies-pune-0-to-2-yrs-jobid-LNl69K7aSfJzpSvf__PLUS__uAgZw==&source=srp
genx esolutions,"rdbms,oracle,hibernate,javadeveloper,java,springmvc,j2ee,javaee,mysql,jsf",https://www.timesjobs.com/job-detail/java-developer-genx-esolutions-lucknow-6-to-9-yrs-jobid-iRHeBvjOT5lzpSvf__PLUS__uAgZw==&source=srp
vgn it craftsmen solutions pvt. ltd noida,"java,javaee,j2ee,javadeveloper",https://www.timesjobs.com/job-detail/java-developer-vgn-it-craftsmen-solutions-pvt-ltd-noida-noida-greater-noida-1-to-3-yrs-jobid-wTjXgiwYJINzpSvf__PLUS__uAgZw==&source=srp
TEAMPLUS STAFFING SOLUTION PVT. LTD.,"rdbms,triggers,database,java,devops,j2ee,mysql,mvc",https://www.timesjobs.com/job-detail/java-developer-teamplus-staffing-solution-pvt-ltd-nagpur-mumbai-pune-0-to-3-yrs-jobid-RasmTu3rv21zpSvf__PLUS__uAgZw==&source=srp
PI TECHNIQUES,"cprogramming,jdbc,hibernate,javadeveloper,swing,fx,java,struts,oops,j2ee,html,javafx",https://www.timesjobs.com/job-detail/java-developer-pi-techniques-mumbai-0-to-3-yrs-jobid-mnb7iLZBbT9zpSvf__PLUS__uAgZw==&source=srp
Agnity India Pvt Ltd,"hibernate,javadeveloper,sql,spring,oop,java,j2ee,multithreading,javaprogramming",https://www.timesjobs.com/job-detail/java-trainee-agnity-india-pvt-ltd-noida-greater-noida-0-to-1-yrs-jobid-McUBXKc__PLUS__PZ5zpSvf__PLUS__uAgZw==&source=srp
APPLYCUP HIRING SOLUTIONS LLP,"java,javaprogramming,javadeveloper",https://www.timesjobs.com/job-detail/java-developer-applycup-hiring-solutions-llp-chennai-2-to-6-yrs-jobid-pj__PLUS__FwRpI3fpzpSvf__PLUS__uAgZw==&source=srp
Excelindia HR Services,"productionsupport,java,j2ee,softwareengineer,javaprogramming",https://www.timesjobs.com/job-detail/java-developer-excelindia-hr-services-cochin-kochi-ernakulam-3-to-6-yrs-jobid-Jd0c55Ibw9xzpSvf__PLUS__uAgZw==&source=srp
I2SOFT TECHNOLOGIES,"spring,java,j2ee,mysql,hibernate,javadeveloper",https://www.timesjobs.com/job-detail/java-developer-i2soft-technologies-bengaluru-bangalore-0-to-1-yrs-jobid-CyxmchhPNLNzpSvf__PLUS__uAgZw==&source=srp
APPLYCUP HIRING SOLUTIONS LLP,"hibernate,javascript,jquery,spring,java,struts,j2ee,enterprisejava,objectorientedprogramming,javaprogramming",https://www.timesjobs.com/job-detail/java-engineer-applycup-hiring-solutions-llp-indore-2-to-5-yrs-jobid-M__PLUS__ueYjvI7MFzpSvf__PLUS__uAgZw==&source=srp
APPLYCUP HIRING SOLUTIONS LLP,"hibernate,javascript,jquery,spring,java,struts,j2ee,enterprisejava,objectorientedprogramming,javaprogramming",https://www.timesjobs.com/job-detail/java-lead-applycup-hiring-solutions-llp-indore-5-to-10-yrs-jobid-ky1E1LrzzQ9zpSvf__PLUS__uAgZw==&source=srp
expertiz,"spring,java,j2ee,hibernate,javadeveloper",https://www.timesjobs.com/job-detail/java-developer-expertiz-chennai-3-to-6-yrs-jobid-mCmzJ8go8RNzpSvf__PLUS__uAgZw==&source=srp
Inspirisys,"java,rdbms,restapi,j2ee,javascript,javadeveloper,sql",https://www.timesjobs.com/job-detail/java-developer-inspirisys-chennai-2-to-5-yrs-jobid-OP31Sh__SLASH__cvudzpSvf__PLUS__uAgZw==&source=srp
Ingrain Systems Inc.,"spring,san,java,j2ee,hibernate,javadeveloper",https://www.timesjobs.com/job-detail/java-developer-ingrain-systems-inc-5-to-8-yrs-jobid-sYd6n6L__PLUS__2KFzpSvf__PLUS__uAgZw==&source=srp
APPLYCUP HIRING SOLUTIONS LLP,"algorithms,c,java,j2ee,problemsolving,javadeveloper",https://www.timesjobs.com/job-detail/java-developer-applycup-hiring-solutions-llp-ahmedabad-2-to-5-yrs-jobid-4mbfFn__PLUS__va0JzpSvf__PLUS__uAgZw==&source=srp
Suven Consultants & Technology Pvt. Ltd.,"spring,java,struts,j2ee,hibernate,javadeveloper",https://www.timesjobs.com/job-detail/java-developer-suven-consultants-technology-pvt-ltd-thiruvananthapuram-5-to-7-yrs-jobid-ZTBOqa0VUvFzpSvf__PLUS__uAgZw==&source=srp
APPLYCUP HIRING SOLUTIONS LLP,"python,security,java,j2ee,javadeveloper,sql",https://www.timesjobs.com/job-detail/java-developer-applycup-hiring-solutions-llp-gurgaon-delhi-delhi-ncr-7-to-11-yrs-jobid-tvY1KGbWDU9zpSvf__PLUS__uAgZw==&source=srp
